{"FIT101": 1.844963506876658, "LIT101": 586.0988395561594, "MV101": 1.7183635265700483, "P101": 1.7468599033816425, "P102": 1.0, "AIT201": 263.73899011413044, "AIT202": 8.387852344967794, "AIT203": 348.2306989742351, "FIT201": 1.828533763968822, "MV201": 1.7442028985507247, "P201": 1.0, "P202": 1.0, "P203": 1.7449617552334944, "P204": 1.0, "P205": 1.659585346215781, "P206": 1.0, "DPIT301": 16.561092422694543, "FIT301": 1.8315215965057112, "LIT301": 897.5352646783412, "MV301": 1.0054991948470209, "MV302": 1.7993961352657004, "MV303": 1.020138888888889, "MV304": 1.0246678743961353, "P301": 1.0039673913043479, "P302": 1.8202697262479872, "AIT401": 124.2652551357504, "AIT402": 171.2752451274155, "FIT401": 1.6987319884345753, "LIT401": 880.523480633253, "P401": 1.0, "P402": 1.9935869565217392, "P403": 1.0, "P404": 1.0, "UV401": 1.9935768921095007, "AIT501": 7.870753959070049, "AIT502": 159.33599495028173, "AIT503": 266.86797658574886, "AIT504": 12.453209567194046, "FIT501": 1.7086395987287142, "FIT502": 1.2679973350311118, "FIT503": 0.7335309359477453, "FIT504": 0.30614080040592795, "P501": 1.993280998389694, "P502": 1.0, "PIT501": 250.9278920894142, "PIT502": 1.1831173760722624, "PIT503": 190.27147048477661, "FIT601": 0.014375705573140095, "P601": 1.0, "P602": 1.007914653784219, "P603": 1.0}