{"FIT101": 1.1353320375764304, "LIT101": 123.8914402147556, "MV101": 0.458669134615867, "P101": 0.4348109573816031, "P102": 0.0, "AIT201": 4.835950374276146, "AIT202": 0.09023555035821285, "AIT203": 49.42225105627212, "FIT201": 1.0624819120751585, "MV201": 0.4445535086040533, "P201": 0.0, "P202": 0.0, "P203": 0.4358831505217387, "P204": 0.0, "P205": 0.4738490996421349, "P206": 0.0, "DPIT301": 6.765303848437717, "FIT301": 0.825990872233371, "LIT301": 101.99176368570957, "MV301": 0.1105449502705664, "MV302": 0.41671495491187854, "MV303": 0.16928819362948286, "MV304": 0.19558705067371782, "P301": 0.06286222287519902, "P302": 0.3839630180153631, "AIT401": 55.21969028716486, "AIT402": 12.894988257747793, "FIT401": 0.13759329385959698, "LIT401": 96.44490551320156, "P401": 0.0, "P402": 0.07982436456089828, "P403": 0.0, "P404": 0.0, "UV401": 0.07988657222255231, "AIT501": 0.04997651182714537, "AIT502": 13.417027142101501, "AIT503": 5.222744507300024, "AIT504": 9.269296506900671, "FIT501": 0.1383264095213003, "FIT502": 0.10435746222764926, "FIT503": 0.059486621410675615, "FIT504": 0.025355853977988178, "P501": 0.0816937577871319, "P502": 0.0, "PIT501": 19.699762709674946, "PIT502": 0.2169839761402178, "PIT503": 15.286210815141592, "FIT601": 0.14866642449677372, "P601": 0.0, "P602": 0.08861166878523379, "P603": 0.0}